Gene,SNP,PIP,CHR,POS,Effect,P,Coord,leadSNP,credible_set,Dataset
LRRK2,rs11174697,0.0279800194251054,12,40396449,0.3586,8.412e-36,12:40396449,FALSE,TRUE,Nalls_23andMe
LRRK2,rs11564199,0.0323426417665504,12,40429696,0.3602,7.031e-36,12:40429696,FALSE,TRUE,Nalls_23andMe
LRRK2,rs140722239,0.752994106431331,12,40388109,0.3869,2.691e-37,12:40388109,FALSE,TRUE,Nalls_23andMe
LRRK2,rs28370664,0.11858750292236,12,40413305,0.3709,1.62e-36,12:40413305,FALSE,TRUE,Nalls_23andMe
LRRK2,rs28370830,0.0200318179417118,12,40425604,-0.3553,1.423e-35,12:40425604,FALSE,TRUE,Nalls_23andMe
CLU,rs11787077,0.154204633238629,8,27465312,-0.1411,2.765e-17,8:27465312,FALSE,TRUE,IGAP
CLU,rs1532276,0.0976940234139515,8,27466157,-0.141,5.717e-17,8:27466157,FALSE,TRUE,IGAP
CLU,rs1532278,0.0292964318010355,8,27466315,-0.1426,1.672e-16,8:27466315,FALSE,TRUE,IGAP
CLU,rs2070926,0.167562612766534,8,27467821,-0.1455,2.656e-17,8:27467821,FALSE,TRUE,IGAP
CLU,rs2279590,0.103508419212816,8,27456253,-0.1428,3.753e-17,8:27456253,FALSE,TRUE,IGAP
CLU,rs4236673,0.139890456946915,8,27464929,-0.1409,2.818e-17,8:27464929,FALSE,TRUE,IGAP
CLU,rs7982,0.206399356861991,8,27462481,-0.14,2.477e-17,8:27462481,FALSE,TRUE,IGAP
CLU,rs9331896,0.0568598529756008,8,27467686,-0.1457,9.626e-17,8:27467686,TRUE,TRUE,IGAP
PTK2B,rs28834970,0.787786256047969,8,27195121,0.117086605839079,3.51396869215635e-10,8:27195121,TRUE,TRUE,eQTL_MESA.AFA
PTK2B,rs73223431,0.205168787722301,8,27219987,0.113120363686402,1.16253648622488e-09,8:27219987,FALSE,TRUE,eQTL_MESA.AFA
PTK2B,rs28834970,0.787785892047026,8,27195121,0.117086605839079,3.51396869215635e-10,8:27195121,TRUE,TRUE,eQTL_MESA.CAU
PTK2B,rs73223431,0.205168367077988,8,27219987,0.113120363686402,1.16253648622488e-09,8:27219987,FALSE,TRUE,eQTL_MESA.CAU
PTK2B,rs28834970,0.787784151134124,8,27195121,0.117086605839079,3.51396869215635e-10,8:27195121,TRUE,TRUE,eQTL_MESA.HIS
PTK2B,rs73223431,0.205168105108023,8,27219987,0.113120363686402,1.16253648622488e-09,8:27219987,FALSE,TRUE,eQTL_MESA.HIS
