{
    "data": {
        "analysis": [
            3,
            3,
            3
        ],
        "variant": [
            "10:114552267_A/G",
            "10:114552392_G/A",
            "10:114552639_G/A"
        ],
        "chr": [
            "10",
            "10",
            "10"
        ],
        "position": [
            114552267,
            114552392,
            114552639
        ],
        "refAlleleFreq": [
            null,
            null,
            null
        ],
        "ref_allele": [
            "G",
            "A",
            "A"
        ],
        "pvalue": [
            0.86,
            0.46,
            0.27
        ],
        "log_pvalue": [
            0.06550154875643228,
            0.33724216831842585,
            0.5686362358410126
        ],
        "scoreTestStat": [
            null,
            null,
            null
        ]
    },
    "lastPage": null
}