Dataset,Gene,SNP,PIP,CHR,POS,Effect,P,Coord,leadSNP,credible_set
Nalls_23andMe,LRRK2,rs11174697,0.0529977316092042,12,40396449,0.3586,8.412e-36,12:40396449,FALSE,TRUE
Nalls_23andMe,LRRK2,rs11564199,0.0590298303741136,12,40429696,0.3602,7.031e-36,12:40429696,FALSE,TRUE
Nalls_23andMe,LRRK2,rs117295538,0.0388248239844689,12,40425024,-0.3551,1.535e-35,12:40425024,FALSE,TRUE
Nalls_23andMe,LRRK2,rs140722239,0.59822396659015,12,40388109,0.3869,2.691e-37,12:40388109,FALSE,TRUE
Nalls_23andMe,LRRK2,rs28370664,0.15445852943687,12,40413305,0.3709,1.62e-36,12:40413305,FALSE,TRUE
Nalls_23andMe,LRRK2,rs28370682,0.0400509809085273,12,40423996,0.3552,1.541e-35,12:40423996,FALSE,TRUE
Nalls_23andMe,LRRK2,rs28370830,0.0413157991949588,12,40425604,-0.3553,1.423e-35,12:40425604,FALSE,TRUE
